Stock,MitoNuc,Mito,Nuc
1A,ZW144_Ore,ZW144,Ore
1B,ZW144_Ore,ZW144,Ore
2A,ZW142_Ore,ZW142,Ore
2B,ZW142_Ore,ZW142,Ore
3A,ZW140_Ore,ZW140,Ore
3B,ZW140_Ore,ZW140,Ore
4A,ZW133_Ore,ZW133,Ore
4B,ZW133_Ore,ZW133,Ore
5A,ZW09_Ore,ZW09,Ore
5B,ZW09_Ore,ZW09,Ore
6A,ZH42_Ore,ZH42,Ore
6B,ZH42_Ore,ZH42,Ore
7A,ZH33_Ore,ZH33,Ore
7B,ZH33_Ore,ZH33,Ore
8A,ZH26_Ore,ZH26,Ore
8B,ZH26_Ore,ZH26,Ore
9A,ZH23_Ore,ZH23,Ore
9B,ZH23_Ore,ZH23,Ore
10A,ZW144_375,ZW144,375
10B,ZW144_375,ZW144,375
11A,ZW142_375,ZW142,375
11B,ZW142_375,ZW142,375
12A,ZW140_375,ZW140,375
12B,ZW140_375,ZW140,375
13A,ZW133_375,ZW133,375
13B,ZW133_375,ZW133,375
14A,ZW09_375,ZW09,375
14B,ZW09_375,ZW09,375
15A,ZH42_375,ZH42,375
15B,ZH42_375,ZH42,375
16A,ZH33_375,ZH33,375
16B,ZH33_375,ZH33,375
17A,ZH26_375,ZH26,375
17B,ZH26_375,ZH26,375
18A,ZH23_375,ZH23,375
18B,ZH23_375,ZH23,375
19A,Bei59_Ore,Bei59,Ore
19B,Bei59_Ore,Bei59,Ore
20A,Bei54_Ore,Bei54,Ore
20B,Bei54_Ore,Bei54,Ore
21A,Bei52_Ore,Bei52,Ore
21B,Bei52_Ore,Bei52,Ore
22A,Bei42_Ore,Bei42,Ore
22B,Bei42_Ore,Bei42,Ore
23A,Bei38_Ore,Bei38,Ore
23B,Bei38_Ore,Bei38,Ore
24A,Bei23_Ore,Bei23,Ore
24B,Bei23_Ore,Bei23,Ore
25A,Bei12_Ore,Bei12,Ore
25B,Bei12_Ore,Bei12,Ore
26A,Bei11_Ore,Bei11,Ore
26B,Bei11_Ore,Bei11,Ore
27A,Bei05_Ore,Bei05,Ore
27B,Bei05_Ore,Bei05,Ore
28A,Bei04_Ore,Bei04,Ore
28B,Bei04_Ore,Bei04,Ore
29A,Bei59_375,Bei59,375
29B,Bei59_375,Bei59,375
30A,Bei54_375,Bei54,375
30B,Bei54_375,Bei54,375
31A,Bei52_375,Bei52,375
31B,Bei52_375,Bei52,375
32A,Bei42_375,Bei42,375
32B,Bei42_375,Bei42,375
33A,Bei38_375,Bei38,375
33B,Bei38_375,Bei38,375
34A,Bei23_375,Bei23,375
34B,Bei23_375,Bei23,375
35A,Bei12_375,Bei12,375
35B,Bei12_375,Bei12,375
36A,Bei11_375,Bei11,375
36B,Bei11_375,Bei11,375
37A,Bei05_375,Bei05,375
37B,Bei05_375,Bei05,375
38A,Bei04_375,Bei04,375
38B,Bei04_375,Bei04,375
39A,zim53_Ore,Zim53,Ore
39B,zim53_Ore,Zim53,Ore
41A,siI_Ore,siI,Ore
41B,siI_Ore,siI,Ore
42A,yak_Ore,yak,Ore
42B,yak_Ore,yak,Ore
43A,zim53_375,Zim53,375
43B,zim53_375,Zim53,375
45A,siI_375,siI,375
45B,siI_375,siI,375
46A,yak_375,yak,375
46B,yak_375,yak,375
47A,sm22_Ore,sm22,Ore
47B,sm22_Ore,sm22,Ore
48A,sm38_Ore,sm38,Ore
48B,sm38_Ore,sm38,Ore
49A,sm38_Ore,sm38,Ore
49B,sm38_Ore,sm38,Ore
51A,sm22_375,sm22,375
51B,sm22_375,sm22,375
52A,sm38_375,sm38,375
52B,sm38_375,sm38,375
53A,sm38_375,sm38,375
53B,sm38_375,sm38,375
Ore,Ore_Ore,Ore,Ore
375,375_375,375,375