COMPLEX	GENE	AA_POS	AA_CHANGE	CHANGE_CLASS	MITO	ID	chain_id	genome
I	ND1	154	L->M	Conservative	yak	P18929	H	mt
I	ND1	170	F->Y	Radical	siI	P18929	H	mt
I	ND1	171	F->Y	Radical	yak	P18929	H	mt
I	ND1	174	V->I	Conservative	yak	P18929	H	mt
I	ND1	186	A->S	Radical	yak	P18929	H	mt
I	ND1	190	M->L	Conservative	siI,yak	P18929	H	mt
I	ND1	191	S->T	Conservative	siI,yak	P18929	H	mt
I	ND1	258	M->V	Conservative	yak	P18929	H	mt
I	ND1	270	V->A	Conservative	siI,yak	P18929	H	mt
I	ND1	311	L->F	Conservative	yak	P18929	H	mt
I	ND2	3	N->Y	Conservative	yak	P03896	N	mt
I	ND2	11	I->T	Radical	yak	P03896	N	mt
I	ND2	65	V->A	Conservative	siI,yak	P03896	N	mt
I	ND2	81	K->A	Radical	yak	P03896	N	mt
I	ND2	84	M->L	Conservative	siI,yak	P03896	N	mt
I	ND2	148	Y->F	Radical	Zim53	P03896	N	mt
I	ND2	148	Y->N	Conservative	yak	P03896	N	mt
I	ND2	192	I->F	Conservative	siI	P03896	N	mt
I	ND2	202	F->I	Conservative	yak	P03896	N	mt
I	ND2	239	T->S	Conservative	yak	P03896	N	mt
I	ND2	268	L->M	Conservative	yak	P03896	N	mt
I	ND2	274	M->L	Conservative	siI,yak	P03896	N	mt
I	ND2	299	M->L	Conservative	yak	P03896	N	mt
I	ND2	309	K->E	Radical	yak	P03896	N	mt
I	ND2	311	N->S	Conservative	ZW140	P03896	N	mt
I	ND2	313	N->I	Radical	siI	P03896	N	mt
I	ND2	315	I->N	Radical	siI,yak	P03896	N	mt
I	ND2	317	Y->T	Conservative	siI,yak	P03896	N	mt
I	ND2	319	M->L	Conservative	yak	P03896	N	mt
I	ND2	321	M->L	Conservative	siI,yak	P03896	N	mt
I	ND2	333	L->M	Conservative	siI	P03896	N	mt
I	ND2	338	Y->F	Radical	yak	P03896	N	mt
I	ND2	341	F->L	Conservative	yak	P03896	N	mt
I	ND3	6	F->I	Conservative	yak	P18930	A	mt
I	ND3	9	L->S	Radical	yak	P18930	A	mt
I	ND3	10	L->V	Conservative	yak	P18930	A	mt
I	ND3	17	I->V	Conservative	yak	P18930	A	mt
I	ND3	20	F->I	Conservative	siI	P18930	A	mt
I	ND3	29	A->G	Radical	siI	P18930	A	mt
I	ND3	81	M->I	Conservative	siI	P18930	A	mt
I	ND3	81	M->L	Conservative	yak	P18930	A	mt
I	ND4	6	F->L	Conservative	yak	P18931	M	mt
I	ND4	12	I->T	Radical	siI,yak	P18931	M	mt
I	ND4	14	F->L	Conservative	siI	P18931	M	mt
I	ND4	14	F->V	Conservative	yak	P18931	M	mt
I	ND4	17	I->M	Conservative	siI	P18931	M	mt
I	ND4	28	M->L	Conservative	yak	P18931	M	mt
I	ND4	29	F->V	Conservative	siI	P18931	M	mt
I	ND4	37	L->V	Conservative	siI	P18931	M	mt
I	ND4	62	I->V	Conservative	yak	P18931	M	mt
I	ND4	78	M->S	Radical	siI,yak	P18931	M	mt
I	ND4	82	H->Y	Radical	siI,yak	P18931	M	mt
I	ND4	84	N->S	Conservative	Bei05	P18931	M	mt
I	ND4	94	I->V	Conservative	siI,yak	P18931	M	mt
I	ND4	101	I->V	Conservative	yak	P18931	M	mt
I	ND4	141	L->V	Conservative	siI,yak	P18931	M	mt
I	ND4	161	L->V	Conservative	ZW133, Bei04, Bei05, Bei11, Bei12, Bei23, Bei38, Bei42, Bei52, Bei59, ZH23, ZH26, ZH33, ZH42, ZW09, ZW140, ZW142, ZW144,siI,yak,Zim53	P18931	M	mt
I	ND4	165	I->T	Radical	yak	P18931	M	mt
I	ND4	231	M->L	Conservative	siI,yak	P18931	M	mt
I	ND4	236	S->A	Radical	siI	P18931	M	mt
I	ND4	236	S->N	Conservative	yak	P18931	M	mt
I	ND4	260	V->M	Conservative	yak	P18931	M	mt
I	ND4	287	S->A	Radical	yak	P18931	M	mt
I	ND4	298	C->S	Conservative	siI	P18931	M	mt
I	ND4	342	S->A	Radical	yak	P18931	M	mt
I	ND4	368	Y->S	Conservative	ZW133, Bei04, Bei05, Bei11, Bei12, Bei23, Bei38, Bei42, Bei52, Bei54, Bei59, ZH23, ZH26, ZH33, ZH42, ZW09, ZW140, ZW142, ZW144,siI,yak,Zim53	P18931	M	mt
I	ND4	383	L->M	Conservative	siI,yak	P18931	M	mt
I	ND4	386	F->L	Conservative	siI	P18931	M	mt
I	ND4	426	L->F	Conservative	siI	P18931	M	mt
I	ND4	442	F->C	Radical	yak	P18931	M	mt
I	ND4	443	M->I	Conservative	yak	P18931	M	mt
I	ND4L	57	S->N	Conservative	siI,yak	P18934	K	mt
I	ND4L	79	V->I	Conservative	siI	P18934	K	mt
I	ND5	7	V->I	Conservative	siI,yak	P18932	L	mt
I	ND5	8	N->Y	Conservative	siI	P18932	L	mt
I	ND5	12	M->I	Conservative	siI,yak	P18932	L	mt
I	ND5	15	S->T	Conservative	yak	P18932	L	mt
I	ND5	23	F->Y	Radical	yak	P18932	L	mt
I	ND5	27	D->N	Radical	siI,yak	P18932	L	mt
I	ND5	29	I->V	Conservative	yak	P18932	L	mt
I	ND5	36	L->V	Conservative	siI,yak	P18932	L	mt
I	ND5	42	M->S	Radical	siI	P18932	L	mt
I	ND5	65	S->A	Radical	siI,yak	P18932	L	mt
I	ND5	77	M->E	Radical	yak	P18932	L	mt
I	ND5	77	M->S	Radical	siI	P18932	L	mt
I	ND5	78	N->S	Conservative	yak	P18932	L	mt
I	ND5	80	N->E	Radical	yak	P18932	L	mt
I	ND5	81	H->N	Radical	siI,yak	P18932	L	mt
I	ND5	106	I->V	Conservative	yak	P18932	L	mt
I	ND5	149	L->F	Conservative	siI	P18932	L	mt
I	ND5	152	S->A	Radical	siI,yak	P18932	L	mt
I	ND5	170	I->V	Conservative	yak	P18932	L	mt
I	ND5	176	E->S	Radical	yak	P18932	L	mt
I	ND5	184	V->M	Conservative	siI	P18932	L	mt
I	ND5	234	I->V	Conservative	yak	P18932	L	mt
I	ND5	244	M->L	Conservative	siI,yak	P18932	L	mt
I	ND5	289	L->Y	Radical	yak	P18932	L	mt
I	ND5	371	V->I	Conservative	yak	P18932	L	mt
I	ND5	380	Y->F	Radical	yak	P18932	L	mt
I	ND5	416	I->V	Conservative	yak	P18932	L	mt
I	ND5	422	M->L	Conservative	siI,yak	P18932	L	mt
I	ND5	426	I->F	Conservative	yak	P18932	L	mt
I	ND5	450	I->G	Radical	yak	P18932	L	mt
I	ND5	450	I->T	Radical	ZH26	P18932	L	mt
I	ND5	452	M->L	Conservative	yak	P18932	L	mt
I	ND5	454	L->M	Conservative	yak	P18932	L	mt
I	ND5	462	V->M	Conservative	siI	P18932	L	mt
I	ND5	470	I->V	Conservative	siI	P18932	L	mt
I	ND5	472	L->I	Conservative	yak	P18932	L	mt
I	ND5	476	F->Y	Radical	siI,yak	P18932	L	mt
I	ND5	477	F->S	Radical	yak	P18932	L	mt
I	ND5	483	F->L	Conservative	yak	P18932	L	mt
I	ND5	484	M->N	Radical	yak	P18932	L	mt
I	ND5	486	N->S	Conservative	Bei04, Bei05, Bei11, Bei12, Bei23, Bei38, Bei52, Bei59	P18932	L	mt
I	ND5	488	S->T	Conservative	yak	P18932	L	mt
I	ND5	489	T->L	Radical	yak	P18932	L	mt
I	ND5	516	V->I	Conservative	siI	P18932	L	mt
I	ND5	535	Q->Y	Conservative	yak	P18932	L	mt
I	ND5	539	M->N	Radical	yak	P18932	L	mt
I	ND5	539	M->T	Radical	siI	P18932	L	mt
I	ND5	551	S->F	Radical	ZH26	P18932	L	mt
I	ND5	557	L->M	Conservative	siI,yak	P18932	L	mt
I	ND5	564	L->M	Conservative	yak	P18932	L	mt
I	ND5	567	L->F	Conservative	yak	P18932	L	mt
I	ND5	567	L->M	Conservative	siI	P18932	L	mt
I	ND5	569	I->F	Conservative	siI,yak	P18932	L	mt
I	ND6	18	L->F	Conservative	yak	P18933	J	mt
I	ND6	39	L->M	Conservative	siI	P18933	J	mt
I	ND6	41	T->S	Conservative	yak	P18933	J	mt
I	ND6	82	M->I	Conservative	siI,yak	P18933	J	mt
I	ND6	86	L->V	Conservative	siI	P18933	J	mt
I	ND6	89	S->M	Radical	yak	P18933	J	mt
I	ND6	90	L->F	Conservative	yak	P18933	J	mt
I	ND6	93	I->F	Conservative	yak	P18933	J	mt
I	ND6	93	I->L	Conservative	siI	P18933	J	mt
I	ND6	96	L->F	Conservative	yak	P18933	J	mt
I	ND6	96	L->M	Conservative	siI	P18933	J	mt
I	ND6	100	F->L	Conservative	siI	P18933	J	mt
I	ND6	100	F->M	Conservative	yak	P18933	J	mt
I	ND6	101	I->V	Conservative	siI	P18933	J	mt
I	ND6	102	M->I	Conservative	siI	P18933	J	mt
I	ND6	102	M->L	Conservative	yak	P18933	J	mt
I	ND6	107	S->F	Radical	siI	P18933	J	mt
I	ND6	107	S->I	Radical	yak	P18933	J	mt
I	ND6	108	S->T	Conservative	yak	P18933	J	mt
I	ND6	115	D->E	Conservative	yak	P18933	J	mt
I	ND6	121	N->E	Radical	yak	P18933	J	mt
I	ND6	127	M->T	Radical	yak	P18933	J	mt
I	ND6	144	I->V	Conservative	yak	P18933	J	mt
I	ND6	159	I->V	Conservative	siI,yak	P18933	J	mt
